-0.49999999,-0.39999999,-0.29999999,-0.19999999,-0.09999999,1e-08,0.10000001,0.20000001,0.30000001,0.40000001,0.50000001,0.60000001,0.70000001,0.80000001,0.90000001,1.00000001
-0.392256010998336,-0.286856401297267,-0.171334302132568,-0.290598899413444,-0.129055038796244,0.00735651533795429,-0.0604359361321436,0.188242417311634,0.102709152549365,0.208308064080278,0.486192264771611,0.41244556339158,0.5733085606666,0.589693087747132,0.73861474181119,0.761474580882941
-0.358472083266487,-0.19483885424635,-0.219867473135029,-0.176534129622208,-0.0934087435983976,0.0254982482257052,-0.00463379296970746,0.391414734007371,0.204773183181959,0.420394065976477,0.473670540772383,0.536709206889723,0.630686669157367,0.857794072879033,0.789214716033951,0.76332588502478
-0.344113292263017,-0.342002902116549,-0.260648301790656,-0.133196098996509,-0.059426251075839,-0.040118171432747,0.213630142728012,0.183803252642324,0.221396427771973,0.512888640749209,0.329539220722617,0.675128348513195,0.658086190720117,0.814458752337911,0.732689801366141,0.800959514824116
-0.22600221985194,-0.539182402429486,-0.192691535739472,-0.218719392259043,-0.00663135800843028,-0.0948682823313678,0.0972789497830037,0.164537379020934,0.339728493115804,0.295599370866687,0.555018452581026,0.450089584927739,0.503653206954388,0.728179427816175,0.782786792010156,0.913405901651778
-0.597141075768123,-0.551130536817016,-0.110371542525913,-0.149195848104721,-0.15918879123373,0.176527538040466,0.179329610217141,0.216115830222678,0.421818705341421,0.374045932042729,0.286863556523133,0.562735668836693,0.543189937184509,0.761035233830893,0.757464410459308,0.962724407140108
-0.33546493595123,-0.283148885653792,-0.306326794437256,-0.0923906399068631,0.0417285711547459,0.0768771446062174,0.148094544079081,0.0989320187083069,0.232957580544453,0.544448471310146,0.546485990444685,0.599939852710757,0.623699577642008,0.658816358542123,0.353682727943286,0.763999606050132
-0.219268641764686,-0.351473795901828,-0.180324214331595,-0.190422527423817,-0.126101210391798,-0.130781518398385,0.302908430325061,0.094832092553327,0.458004384742334,0.202279309073066,0.261438087096308,0.326545983036588,0.496855661089687,0.779993689645473,0.577659876016103,0.638415993583292
-0.476300800328355,-0.48285040758634,-0.183273335222466,-0.0509901690611062,-0.358233944149897,-0.0103564430852743,-0.140585643872676,0.145715209378542,0.0238766193145058,0.304941128236673,0.452215289276803,0.320515741136102,0.591558440755091,0.790509453050472,1.0083981421468,0.908874685934707
-0.395330882292176,-0.242828554458427,-0.335245605236645,0.030550665424488,-0.084648954864291,0.14412057341803,0.284123617349605,0.218657335484914,0.345809743931283,0.524474125205487,0.545825025520844,0.577378160459451,0.555338954119338,0.416992019050113,0.74148087898261,0.961761473145101
-0.456670033116601,-0.528590474814651,-0.220184320019199,-0.197223927473673,-0.0595540381072659,0.115693053259283,0.233698045948254,0.218000226020907,0.234006214787912,0.337436995436344,0.100816514398047,0.50735398541824,0.546111968158019,0.75391001800202,0.718621289099368,0.959011778178922
-0.313051716867401,-0.222984993110698,-0.434003716172441,-0.110784665798311,-0.201716943323947,-0.0071286770008769,0.208146302019916,-0.0369737369477214,0.404109424427293,0.359813854804849,0.642513674226889,0.643037212311544,0.654835350369691,0.524861360087458,0.865982193842484,0.998301877844457
-0.638082839980752,-0.394609259098663,-0.220804735840183,-0.213704621280597,-0.113960520858652,0.0814530743565439,0.0680528853018914,0.287879953767594,0.512427500040868,0.223318683656322,0.30549698772101,0.60130850060049,0.311404342662577,0.819320933279394,0.452551780596019,0.864871282069037
-0.525245406320938,-0.420495396087803,-0.0856184059319815,-0.18829529828043,-0.072577588022207,-0.126609614115526,0.151373564864465,0.167125428749971,0.134184756984241,-0.0626060518530718,0.58260802063514,0.699287686234749,0.55354024894448,0.550915688098655,0.710033578080787,0.617731634896655
-0.627862692375289,-0.231524143746447,-0.210983782721397,-0.159773223421139,0.215203798545312,-0.166560976067817,-0.0642978581761558,0.101068939554659,0.458935755089625,0.48742242993625,0.475738852069509,0.356724163074027,0.418043245681717,0.675392347767269,0.660608802980895,0.759780632662064
-0.419604366821383,-0.37673853054447,-0.217105050723327,-0.168974499393538,-0.0830007026635481,-0.0130208624271096,0.00858302655972097,0.299088715822501,0.290904679059268,0.457453018392388,0.486246650283503,0.787576634200432,0.686731712393366,0.740303295168025,0.708996932181167,0.807834137169882
-0.500749605187983,-0.310517920148242,-0.192032877863257,-0.0955162873982885,-0.107821419334977,-0.122111172360509,0.166677655467081,0.143490278048004,0.44465172955502,0.608801570340696,0.576641879101943,0.358464511762511,0.586567630675052,0.767962380003068,0.749426595435923,0.830118764436412
-0.55999742626815,-0.45647970484678,-0.265006358472293,-0.147037263342054,-0.191995250444788,-0.0704140565331072,0.0580291083083387,0.244229313931751,0.45064383803925,0.161826458880284,0.527996142163689,0.399355248144582,0.493197026258545,0.702780797621419,0.774778002433945,0.756481902597677
-0.385975641087255,-0.332868346642913,-0.125574143660833,-0.378693680923422,-0.102793756848218,-0.0214035440488903,0.160666260140554,0.0824616154719138,0.339302484071164,0.283746377096956,0.433769359270057,0.535506880970726,0.54147317313038,0.823280055403744,0.736091635509079,0.815817763521549
-0.481498569598251,-0.828870752480889,-0.187982144031105,-0.12472989151273,-0.0532661878474608,0.00360671492995708,-0.0125814391690733,0.173392569385886,0.411392899555777,0.395324209604245,0.422728775812119,0.472110421055134,0.888477724265374,0.579467646825411,0.569321442729436,0.598021457666999
-0.346426493446872,-0.267874838764619,-0.169946802187302,-0.212396041940999,-0.0524133596268102,0.124653825860483,0.0119215493125596,0.179703911554835,0.218257402455584,0.424041087455057,0.360777694067316,0.515490274240345,0.677996352212615,0.718335302191619,0.893328697518996,0.907965916858365
-0.602662125806912,-0.445188025020692,-0.244208546208098,-0.188173251998661,-0.132782270509385,-0.248730108888316,-0.00951078563645658,0.244173486946406,0.434094847812609,0.317503497406673,0.54015046492342,0.422068108100743,0.651728389528644,0.68801855396169,0.659203389156423,0.769481878724857
-0.359866775307548,-0.305461094367452,-0.42391810246616,-0.0428045809433794,-0.201716668586006,-0.0656354335320516,0.172991123811276,0.170685856144179,-0.00715203402562481,0.313326228342102,0.362906619266404,0.569340702623987,0.634800529541045,0.879937518152265,0.905566712172356,0.718430413207856
-0.269092227298644,-0.234367490012619,-0.186622253915531,-0.244076158989934,-0.0628377613921726,-0.017604938123718,0.186355687236573,0.192457192244453,0.26215323142446,0.484646042203995,0.124373161203134,0.34037968676863,0.708543709476891,0.678839226090107,0.504869617743147,0.81386673037929
-0.287177893735651,-0.220632402202691,-0.394305318986537,-0.165041990611813,0.0175224796043765,-0.0876076796019725,-0.015283241161277,0.130725536489028,0.335656545925086,0.323391443894183,0.561250985504898,0.614971743267735,0.397642596597645,0.675806072151367,0.691609445314084,0.72553678391442
-0.517840889261672,-0.472138026859263,-0.656028143999588,-0.300133797919309,-0.047233866459491,-0.0847729109964736,0.187079139147478,0.25712439864039,-0.050470014302458,0.461442241365975,0.560824667600462,0.875181803806859,0.618921094370478,0.632020821761959,0.935574847280042,0.723990298594793
-0.422046247135846,-0.280695819654016,-0.19481937242998,-0.0901695967916063,-0.235603821062143,-0.00683761536212423,0.15472463317837,0.234473139963395,0.0264036876487513,0.231613471501391,0.656719276491076,0.409085879805525,0.681955673553095,0.820781080439699,0.837918400385788,0.825431141083322
-0.43378101250108,-0.302083249010138,-0.24168045222722,-0.197689170289195,-0.184620676843785,-0.0793198334415533,0.0360599195594624,0.21243523356171,0.285407441903522,0.397335544175067,0.560338747090589,0.62239310932614,0.664260300803093,0.655632903742475,0.726571348436176,0.828829030969148
-0.230657752379495,-0.206144533641373,-0.328696877036365,-0.118881329775239,-0.219252986302959,-0.0524165369245518,0.208777479859914,0.30264253282251,0.482514788056071,0.328254539494612,0.325722718854941,0.539702484861537,0.551755011015722,0.726911519656189,0.822810469738816,0.899786265261593
-0.557096220981573,-0.491182146095571,-0.413605928789619,-0.353731269562936,-0.0721302188856384,0.224648269204911,0.314997177770312,0.177769541446064,0.343172187815461,0.354688414638448,0.575687958777429,0.759283344517539,0.951135903601397,0.559592964803075,0.6609385015346,0.834557817354308
-0.305899738676883,-0.21110939224532,-0.409956819119829,-0.252112304370342,0.0220616020472732,-0.115919547358928,0.201638943001669,0.2549306652058,0.0778548778691367,0.267863566088667,0.562530427104855,0.57554960195561,0.708486682959531,0.604672867586235,0.740523291962122,0.847773767700052
-0.484893678555672,-0.11470111101738,-0.246322451402721,-0.0458105040361214,-0.0903755257960622,-0.125451328955787,-0.00742881904761036,0.216486855455061,0.449981522175626,0.275833774637622,0.673016826435308,0.520579960845442,0.676740417918245,0.731278996635785,0.751940930427329,0.918710125224126
-0.125112740138894,-0.259407288359805,-0.255365428388452,-0.161169619565104,0.168479876129257,0.0711726577391641,0.0264412361821261,0.0727271518858553,0.0822247919114198,0.470288144976279,0.358694756706198,0.521215401420141,0.753528487626191,0.739133535199455,0.738087401291447,0.793793416331201
-0.358273616465744,-0.270655727460073,-0.252826846528758,-0.10300410014348,-0.0598791531974764,0.0942124276405679,-0.030295840062806,0.257728575928092,0.34974324358629,0.281644293700365,0.291651115481279,0.739169766998142,0.574036279454627,0.691378304494982,0.685301949552718,0.799840600964033
-0.355168922878411,-0.208915027654264,-0.242701237837759,-0.319233801625442,-0.0582012986609254,-0.176100428261775,0.290305302841246,0.199150282874518,0.20677997594399,0.270539365924027,0.297748981529184,0.45455424174557,0.552121711546001,0.84485159037889,0.951061750281853,0.602902559043528
-0.648508717578663,-0.244487751181233,-0.206667950224335,-0.0935442777134482,-0.0533922661448514,-0.0554079687760995,0.107088338008856,0.219406847294186,0.237436582991413,0.41822138182823,0.43218423740792,0.464004831601748,0.4550380531246,0.870931474457595,0.558499121577111,0.966306125643731
-0.497393998250543,-0.452742516152591,-0.219600857114012,-0.280225950578422,-0.159259656684667,-0.139566630092768,0.158493773177822,0.165554544220524,0.362960922046577,0.362577654238442,0.548297271970941,0.282918213279669,0.626221734075113,0.809835682747546,0.945469175350797,0.819490223607383
-0.343685947610006,-0.367444554677142,-0.367138789845737,-0.263114733390273,-0.237433613185723,-0.0842331265915323,0.230439564268156,0.00486860058622204,0.333092227103741,0.107318765555957,0.43690025066249,0.335580911879884,0.543038644264753,0.618089306838471,0.921405335711881,0.955193967255213
-0.385316905171275,-0.261566560337043,-0.183795750249846,0.00154147841726891,-0.0174140834887491,0.0384070256880086,-0.10573258294553,0.24234642201144,0.31628248137477,0.349253033025661,0.49585639252123,0.543888774909165,0.55067328113544,0.633660781241501,0.886469866534388,0.849057174422378
-0.375629407563248,-0.374947845986992,-0.410266562199615,-0.203193704888874,-0.0813476217832218,0.102708744842217,0.275830548479356,0.0415132101800915,0.152855281636758,0.554424996751378,0.399742173237997,0.590936932014508,0.705744734045478,0.640742795489211,0.491309529242011,0.813029579315838
-0.509195701140382,-0.395881988262616,-0.23678580091956,-0.272170823258456,-0.188920801081389,-0.0441138803740383,0.175768739242753,0.172526959811974,0.259764873997198,0.377505823693022,0.384718804234658,0.623327738594381,0.645395215517039,0.659054858331783,0.868595599371005,0.785225501016174
-0.258636222859139,-0.384589814898004,-0.247959319597286,-0.0745500279018241,-0.12795416084662,-0.140412000646492,-0.00925792081223036,0.189646815525374,0.371036673696379,0.35323716756257,0.396022780390966,0.553532269698261,0.623309220800246,0.688743958736533,0.310525694633707,0.731001335070038
-0.3699044522749,-0.491659000957883,-0.455080804556744,-0.194298543178127,-0.0369916391681686,-0.0942070000534116,0.170150484174671,0.349904696346719,0.311596339497223,0.547303863640721,0.634310573762581,0.513477892929368,0.747278037809486,0.893751949807458,0.745774248166588,0.971824575783979
-0.275085745730969,-0.254653374855029,-0.500073096826758,-0.0470556446006824,-0.215197118070107,-0.361116278020703,0.122086851439786,0.117406014529544,0.377530479528968,0.0808011509185057,0.705942410880341,0.506416068220008,0.628217635663538,0.684391422448694,0.626693492569126,0.896157699919083
-0.221625852345666,-0.396527645721723,-0.36245880644678,-0.206110448094018,-0.0328968360914116,-0.00619620650247068,1.26557766751973e-08,0.214764413834673,0.266439168820235,0.289764267136128,0.505809943323471,0.374471671380491,0.53632373322315,0.875651590600632,0.890461655654269,0.774032454274523
-0.397980798013584,-0.310267380063147,-0.321141720873504,-0.200578610693883,-0.183698654715489,-0.00504841183776476,0.0790142142912762,0.259670989966349,0.204464461735266,0.195060425066094,0.458391045081021,0.647551793878396,0.559927658360312,0.678794324537637,0.831088887870371,0.813693290660713
-0.235726089188557,-0.288941272609926,-0.322034636729287,-0.270713295261557,-0.290211867518959,-0.0263150651553943,0.0111268803138804,0.1288715905784,0.298006366417977,0.517191816344815,0.303523965868309,0.6718187241797,0.380458887764684,0.806681943715465,0.788984592192714,0.909768075022521
-0.517432010995974,-0.442846010122448,-0.186871612464823,-0.226941875096762,1.69687341552435e-05,0.0975612492883818,0.140332172444778,0.206427853572091,0.325283444556705,0.524775020728418,0.21232993953355,0.615177454326655,0.751980657400237,0.78256978774544,0.841790314152976,0.783192996087057
-0.448620724877277,-0.453915837338946,-0.316517151371821,-0.2361212911891,-0.0946221949299748,0.23387999701904,0.288907706994957,0.358744839287641,0.0708757969677734,0.286001498923688,0.647332845552744,0.604361070486603,0.459032211201665,0.780410502877332,0.883685423930448,0.865405601829018
-0.371235760281812,-0.458914604190325,-0.257847301807845,0.0149351030402608,-0.0514470774883965,-0.171100217187936,0.00727149888017259,0.201976747381122,0.319258378815765,0.512335903203093,0.522980024357705,0.591164625287482,0.701082636019854,0.599248719787988,0.791174099210873,0.834166493359783
-0.310858077208392,-0.337396887960834,-0.478789451534706,-0.339957213428448,0.00260918099035079,-0.209158402840057,0.268433065926845,0.160733262605856,0.296467105016838,0.371464228592349,0.58669525182777,0.525484901241057,0.721877467360079,0.653320342824215,0.949154505772806,0.922764717703473
-0.339922376876385,-0.337202448282207,-0.368994697502022,-0.14294968705108,-0.258078336723574,-0.00198430006240429,-0.0123744678568502,0.368966543616574,0.45457897396162,0.690048958700928,0.479889182888544,0.350532643130549,0.504325666056035,0.87072371921514,0.738389426139482,0.690164603304161
-0.306361383315005,-0.221911374648285,-0.290258941265993,-0.0599449126219779,-0.0517190407672529,-0.101924530347337,0.101064762452651,0.16583930853071,0.33216370971234,0.230226845584817,0.628868742902874,0.550422436201204,0.958490407420938,0.57126608365151,0.780030728765154,0.690282934348215
-0.439113071053669,-0.310987609211734,-0.280740087518177,-0.107009375253905,-0.160905246847554,0.0694630131041185,-0.0957587264999772,0.187736076472042,0.204869291652472,0.32970504046388,0.365526082310932,0.840444317860708,0.776775263583121,0.68899991474643,0.702235200271145,0.954622969663505
-0.457099097209019,-0.497091146959249,-0.231939447744189,0.0108362759120693,-0.0259025183678643,0.174435268628665,0.189638533818969,0.28778789092284,0.305272536164356,0.329873733492235,0.597516930377915,0.530128654076881,0.678966761165032,0.952695043284162,0.688285210334487,0.837537310308009
-0.437187818789302,-0.427471632392863,-0.0697951837915002,-0.244897120100227,-0.37581652769075,0.00992623254654054,0.00679452932511438,0.268309827284407,0.247286010837469,0.420510407572946,0.362134938893031,0.780235573931649,0.698609955968958,0.535035319231804,0.794464461490066,0.589909746380255
-0.488727708136604,-0.371566818841034,-0.288350795173203,-0.0236666647463267,-0.0601506978422809,-0.192099458239678,0.00938125415364367,0.177975419087767,0.369676476890886,0.189401685653892,0.439300000117979,0.252791599262263,0.562763196155636,0.900409751659566,0.786604741690494,0.984487000568479
-0.256611501210365,-0.396523592811998,-0.431194870740313,-0.223165761786584,-0.146939431325581,-0.0402341583920849,0.00889945311298879,0.182307687728408,0.30875007923517,0.17608545991912,0.618574460597808,0.589877998909264,0.524409333076651,0.795244873102458,0.747352727584833,0.967973252630425
-0.339626387926353,-0.39863326153988,-0.251824161680665,-0.139362890582289,-0.0350985571499336,0.0203161654006015,0.107935112209764,0.108610045964225,0.347667555777337,0.253156215104496,0.400695547286205,0.386736520043625,0.395847021260857,0.74918777103924,0.794730962804227,0.708648504872995
-0.432106821971454,-0.376662919225902,-0.489870046939843,-0.25118284244815,-0.127455773478463,-0.0841291541290778,0.178931929125294,0.0938399296692528,0.430392415690328,0.53129185120819,0.477525116527628,0.58428011780758,0.623995414369903,0.932540725121776,0.660558775794441,0.730616345867352
-0.455699119303337,-0.301826162876678,-0.28851444214698,-0.215276826018348,-0.0473048017541172,-0.152000217376157,0.143858829145744,-0.0132954734190264,0.0571988414928576,0.269013295552014,0.266741291233571,0.398733919705905,0.815229597775013,0.576762227850901,0.937437317611506,1.00866903914248
-0.505909797882937,-0.323604552958417,-0.136092410229545,-0.147043893536354,-0.136842721988274,0.139766822341984,-0.0679979654386459,0.28888723140504,0.238316928110219,0.348201579429251,0.553817839833576,0.614486091437567,0.677280497911359,0.839271516033967,0.636381606000819,1.00772031634542
-0.295100019422086,-0.476411343114053,-0.342995520569656,-0.0791537539055579,-0.379791303235864,-0.105590381725855,0.0253140131890631,-0.0101137615799731,0.463865883872436,0.408444942570476,0.444239650352117,0.547483574799019,0.797636007989912,0.793645997766755,0.792341272870978,0.674698182002515
-0.547814009110884,-0.322475834692968,-0.32969270252579,-0.0684597915678201,-0.200718541332892,-0.0498734727550299,0.0110334466149455,0.117180388483335,0.127760619666649,0.302151588625777,0.250105681987015,0.716169619715556,0.737638601131859,0.595027127447359,0.927869708192851,0.853642287820797
-0.298337678985259,-0.193723233426352,-0.374982113456037,-0.242739397745563,-0.0863018236169797,-0.0592612925196075,0.00341865666639161,0.146829110203641,0.237138086320633,0.18559882226872,0.345819593733556,0.652087315918246,0.582018912634608,0.685252181484474,0.703366043139646,0.887880099883586
-0.431503182139599,-0.386409118189994,-0.260488243046642,-0.180830834895876,-0.0571912114908314,-0.00381129361495425,0.172961399063813,-0.161588889671739,0.00321412272443949,0.677448301027117,0.395625975607111,0.407807352393263,0.565975154283726,0.905577398295822,0.712355030444071,0.816975005833776
-0.377283195915229,-0.293894966764519,-0.323983325354179,-0.156208910656104,-0.0112254156410569,0.00320442186281457,0.109263118677502,0.0867310989379524,-0.0124733870032125,0.522781418546504,0.459006081295258,0.386151493733823,0.540283177445469,0.675018438777545,0.772803653373868,0.681576173832854
-0.554869901479878,-0.386403242699069,-0.278388142605039,-0.174852923269082,-0.142766794925687,0.106305871178606,0.157593210867839,0.0814804543591241,0.306136129685808,0.630706811591756,0.561157325528505,0.378516786241613,0.433954958894371,0.632043871386989,0.682504430342868,0.81064071206977
-0.475144546814588,-0.28324179018295,-0.181506437555737,-0.221885974604279,-0.156788637228017,-0.0627484717758509,-0.0763323434876677,0.272364369706154,0.321000259469686,0.515353246126307,0.371844435957393,0.638280002259457,0.548767661272081,0.774792212448813,0.82290428759445,0.782831399037746
-0.542001090012005,-0.470091440979901,-0.218064847163703,-0.198867120707848,-0.00934401216240352,-0.0144877459749248,0.0302592841535888,0.222842075265413,0.166274240401894,0.701937740774592,0.443038455543312,0.530786127662288,0.347119382792828,0.671289752121644,0.736347059052336,0.584528175915406
-0.491368566506183,-0.414435008909838,-0.201998997910284,-0.23345258950934,-0.151230642141368,-0.128165529454083,0.243916748995152,0.16731126316435,0.402359064087304,0.346573309487939,0.707636625828689,0.429484287115842,0.747425372664346,0.655957913018976,0.843106153590131,0.871167248709639
-0.321988632854518,-0.148332154071928,-0.19351739624767,-0.278874752989672,-0.216453554991728,0.0835202671146055,0.111835271975771,0.148189653565118,0.3729290205059,0.137487164538101,0.485858484414367,0.580023654394267,0.690690599852557,0.833909224738804,0.639234011891262,0.762734153962234
-0.571901354931555,-0.362401619245892,-0.143642472569384,-0.319004630272157,-0.184622828564418,0.138069030382482,0.0132276087449717,0.160671309683882,0.525630155819228,0.131390380026097,0.533010910303573,0.818694378440125,0.679169801783456,0.591392973916345,0.851478554259179,0.862628677701267
-0.451620111623692,-0.252255894406277,-0.434977723619324,-0.228156720015348,-0.0809282893491311,0.0799154581002603,0.106836777679677,0.231159445788513,0.335230756486289,0.360072245446362,0.322378951867266,0.714772026952399,0.619136759933435,0.523429713630928,0.822519299885609,0.707984493853455
-0.396143496472044,-0.531357103376485,-0.29604730559144,-0.202795114837603,-0.0652072144231839,0.0471582541696966,0.0709357624443471,0.200295386976224,0.188075328728158,0.583532771605217,0.714621109583899,0.659017619393453,0.722648785543919,0.771288007584112,0.819394591403151,0.839129108148623
-0.45238428749568,-0.215614194971667,-0.366192832279879,-0.328944509126226,-0.072077674044645,0.112703539496175,0.0195268296427356,0.0787323305737774,0.208788114978895,0.279427178797269,0.624691906604503,0.425853933347391,0.682119940738851,0.550710464676292,0.855116613426252,0.731089915364501
-0.477212803399946,-0.320568134318772,-0.134644802641829,-0.235982000633897,-0.214707083238573,-0.188607286566799,0.273551305360908,0.152282462439987,0.279837187219893,0.46087495602227,0.434554741684594,0.524119280593873,0.42733797942447,0.649702497733393,0.787259638218522,0.752748598409395
-0.835270408616738,-0.291834887650579,-0.23881587133023,-0.167921381945252,-0.0532945100179924,0.135598160547114,9.45651579270102e-09,0.178575833785877,0.368754176696009,0.216768797896275,0.547583357635862,0.777540254086883,0.79085776039139,0.634816235762956,0.645736870473223,0.802217025232626
-0.483239075243113,-0.320454347903624,-0.440470981510646,-0.168264922723292,-0.148696527008699,-0.0507810124568114,0.0327663246512359,0.3740932408535,0.474052368896883,0.47826615320677,0.254349363860733,0.502127994772598,0.58080706361548,0.736776848962713,0.786411373207272,1.11954162075996
-0.44435951267347,-0.557060475659897,-0.338082079402367,-0.286607564378779,-0.21012499569365,0.112506084811053,3.32924364051269e-08,0.173572276457914,0.12116669083876,0.361986963559658,0.33104745203965,0.523111825646636,0.559411126226307,0.589750270439761,0.680034903115939,0.975778157998918
-0.292093246543665,-0.421694638832381,-0.310667681139677,-0.0864493120239737,-0.133059244967595,-0.0534893566065085,0.0502290973780155,0.293949422647137,0.215985427483238,0.261988022426149,0.423128388990629,0.278988570454206,0.559990678419939,0.734149473716134,0.757457289676064,0.898572160489788
-0.420465799664291,-0.415582059395215,-0.17150235738513,-0.260518259959858,-0.217952632568223,-0.120860726659774,0.242949517003859,0.31985229727722,0.329758764061371,0.332486374956197,0.72411090890184,0.491761925052902,0.491035649864511,0.71871952007862,0.772411979450458,0.784396297124562
-0.222595794657785,-0.228710575997812,-0.195862509380851,-0.0560639349017528,-0.307835529293433,-0.00302003227885033,0.00776852354114205,0.184780940669326,0.399636785361163,0.397927642682998,0.379309482230764,0.672548684450245,0.57963853814171,0.530669090698461,0.681921012042044,0.816555841553328
-0.431995488413814,-0.405201115288906,-0.388293232584825,-0.370419692251503,-0.00434955383464049,-0.00304808537391927,0.0172864688472106,0.167927648331033,0.299145351594045,0.32877854417042,0.488830309274465,0.719586351631637,0.639722979315593,0.62428425108589,0.949135013445924,0.903329790929056
-0.260061208374876,-0.343176424158965,-0.269055481781222,-0.125563329001301,-0.179061294454265,0.012551404332792,0.271706240162333,0.253988523322418,0.5020493223194,0.400034773411532,0.428254842857604,0.52777822171305,0.563298362106704,0.761483220312224,0.82947216480532,0.812104324538464
-0.372900200693511,-0.58925231864261,-0.351838315211368,-0.072390478244161,-0.0614942801132555,-0.00356505272373547,0.12751592682514,0.0994278698088467,0.200718229504098,0.395742989498268,0.476980634546482,0.387317597098937,0.924945216179921,0.387823124028532,0.659390466167617,0.863319303763352
-0.698266690150692,-0.403152182591501,-0.186441561729181,-0.250131452243426,-0.0295782390248356,-0.162294288339137,0.240303508399086,0.123830436285199,0.339598788359827,0.684560744981578,0.0935099174112239,0.642849590236178,0.526796827058406,0.474757848489542,0.96039750413264,0.858304816398217
-0.394504470273602,-0.46559594560222,-0.314280576914211,-0.325670205961786,-0.241983607577118,-0.150123557375701,0.209979292030353,0.209911951628781,0.109718149185796,0.275443198001145,0.741002539078971,0.607147230443466,0.525842463946718,0.617715085510287,1.00149040739179,0.649121536494926
-0.629042803078358,-0.409226386085824,-0.400680780856926,-0.198448251004505,-0.163572846442703,0.178377693502495,0.160340469352086,-0.0521265138591701,0.277593110427241,0.46307694077189,0.382930991064591,0.434252058777252,0.417752727038654,0.913744668367943,0.757413301108221,0.753045813054613
-0.375507414936587,-0.299074188306483,-0.407175496518686,-0.185491530239313,-0.0813615361316609,0.046424723076641,0.215598506639482,0.143793560677196,0.364523692871558,0.283101468106825,0.305588888162762,0.701360612691518,0.574449436816471,0.817388067926214,0.884083696618213,0.766706302220343
-0.320366343759218,-0.564273011838025,-0.319667531261031,-0.0696404289581123,-0.201341218813071,0.019839233911462,0.00566792583366866,0.16045241174298,0.340653434081405,0.321879421208259,0.461314569160094,0.524855074804523,0.749571013706457,0.723364066568168,0.913906501811166,0.830569075826282
-0.332834348736463,-0.195056925224155,-0.414713806317366,-0.0393749909096452,-0.0849762359914607,0.0560236029695595,0.060092861701092,0.471026268292158,0.328612022140465,0.461729017298654,0.39593902410388,0.809272988241854,0.938720938300737,0.699518520311769,0.794525686356998,0.854980342548713
-0.657787211749843,-0.35726611380477,-0.344392293584497,-0.167713116687522,-0.259653300858244,-0.00397797888203222,0.188490301147997,0.0526099629555508,0.238440552676819,0.515931400118641,0.59217200515608,0.552698991780847,0.607498606759442,0.648024122644317,0.559882711805426,0.797023434542322
-0.437518381079811,-0.461284520689389,-0.446923856245832,-0.311629010541046,-0.181837184186005,0.00544954539825172,0.0755033595904978,0.346079738200158,0.198004652874867,0.325876208404874,0.418029886253106,0.303471254569511,0.700330778333778,0.616669773029418,0.733903472031145,0.824542445892118
-0.596121332370207,-0.289541269651364,-0.47857096398331,-0.16930457012538,-0.169645792690578,-0.189444233496592,0.143880889651152,0.305418944318167,0.322008881536969,0.284666240227992,0.241007981619866,0.585952144192296,0.755730718085995,0.519100047210782,0.838792667219698,0.901342434434572
-0.442064334905514,-0.244092568355628,-0.165768896182472,-0.0790264746062957,0.00226658640773597,0.00339041587465498,0.043280763641294,0.416516195472019,0.354379883528686,0.325483538082509,0.601175664880915,0.606150855781403,0.687376248981997,0.717239408581361,0.773366660339033,0.88635037596293
-0.240034501807825,-0.453788302229917,-0.361429439710901,-0.161916522715437,-0.292016883534612,-0.0230869048841814,0.0291686705104494,-0.246065933038082,0.301356922077614,0.191251560906117,0.462435022568764,0.429427999347461,0.484288808083085,0.721522127637814,0.898275384691741,0.844773413154425
-0.785134572133993,-0.711344971370857,-0.558711624498934,-0.257341175200137,0.00215573700804073,0.0934410444497148,0.155504679829617,0.276801672589957,0.300763158662311,0.201651488908942,0.386122623721724,0.737172208043143,0.902641726909467,0.640139587288293,0.686999197091457,0.973942178290138
-0.570403750872033,-0.139152374489337,-0.13887282744289,-0.208075463430453,-0.159777309302351,-0.00726211744882018,0.0523548425467879,-6.50059791989671e-08,0.0681088597408002,0.286019482914577,0.432919660021128,0.565657631557897,0.555714036293831,0.543012453858084,0.694143126463391,0.886213557481354
-0.595598435769418,-0.50736682810463,-0.175907480752153,-0.148416239743647,-0.25227248970616,0.0298810278384481,0.14875529124772,0.00294968913637531,0.14722817297933,0.417198232728286,0.27267764302913,0.515696994251815,0.74984404511817,0.599298442803303,0.680225826239614,0.881656866054973
-0.289821009920026,-0.202696890471309,-0.285622206864273,-0.164391816640607,-0.145608412786723,0.170187071502452,0.145169796553946,0.278190536550402,0.242426634783027,0.369018666004646,0.268957800703223,0.498963673810816,0.78927214516001,0.382000476525541,0.782726303196133,0.853399647892876
-0.459863242039945,-0.507831210997285,-0.426214024868138,-0.250577126021576,-0.0776173534900311,1.00315634254063e-08,0.041687207435103,0.17215120562153,-0.0227999817786786,0.34624275799824,0.38427879395449,0.59731440618201,0.738604637621198,0.519679185238783,0.792392865215574,0.759571083040528
-0.534350517210483,-0.293209796243929,-0.270164349625486,-0.206605226166794,-0.231439669605925,-0.0562478091488014,0.140139400250427,0.387793779179424,0.399133658216032,0.25423692850951,0.405613702225514,0.630572235660304,0.50850382770038,0.506962027442149,0.708214235596793,0.774213564583183
-0.240759987500695,-0.293065751768043,-0.133387370135375,-0.167495267848175,-0.201023780585893,0.00165596188611275,0.262930788605959,0.195223376550484,0.266047586930819,0.396549834036119,0.289661162400505,0.503489227985195,0.525118676204005,0.753642330189132,0.55188719901719,0.787962274475814
-0.518779458702151,-0.337510569034907,-0.346517921572514,-0.167722282179045,-0.232175482863632,-0.0161494979952235,0.340394305334171,0.407502866946161,0.153269717815277,0.422928446827558,0.538636411881716,0.778442490953479,0.607529482091915,0.772324593405945,0.79324475409322,0.547542352422014
-0.477019110217354,-0.302572018904113,-0.208555679135853,-0.151552522459323,-0.354418958584729,-0.154696332522921,0.202029879619265,0.142284226332611,0.30982961625456,0.13472273540799,0.419517744222485,0.261447033898164,0.648829620616279,0.735980900326277,0.831889950139037,0.785775590075521
-0.301114174671063,-0.513974859311879,-0.292243212672418,-0.113941243479038,-0.0359116348387516,0.0487988907196468,0.0141343578753655,0.345847611674646,0.370025169046417,0.314594418528566,0.575452049872895,0.659810540024747,0.705442237718286,0.830283245582239,0.894141081843584,0.852874642690956
-0.254562342493282,-0.334137313211484,-0.424306128778039,-0.15006762702252,-0.0547438283502192,0.186112791926691,-0.152439639809891,0.244140903427115,0.346288124627909,0.417459229553827,0.365677665175642,0.427535392803288,0.642574820727583,0.480632907738295,0.931457117734788,0.786355854888821
-0.482804923523254,-0.296020797380896,-0.163893185718715,-0.187782424436891,-0.109579791737428,0.0447679411897831,0.163200965252202,-0.0423068448412796,0.25967589743183,0.713698199333311,0.501286526693219,0.609411114877701,0.626025350649821,0.810094929507889,0.937282375201337,0.824235274091109
-0.227410531256268,-0.369501878641183,-0.185198834961903,-0.0300666214159362,-0.202817826109044,0.0546592879599389,0.0905356874010477,0.273829876025071,0.203469359069579,0.230250446509702,0.528761437610574,0.534694256868356,0.72522829054082,0.665552732939481,0.67163472953671,0.961178940506002
-0.589148757392898,-0.416820644720716,-0.357425273528333,-0.0970576987269909,-0.00331011053792488,0.172260656789768,-0.00407563848334592,0.273786010850621,0.234188706746359,0.504916563523318,0.406001804207958,0.594397494621156,0.646984574792444,0.861023416029504,0.755821884610885,0.788471322693973
-0.512702683699167,-0.160330996925008,-0.124730879969196,-0.045620486226384,-0.0412589231028461,-0.0951358559404079,0.213847106679875,0.255554002603295,0.265269214626707,0.255357788892276,0.514447888526921,0.763183701893928,0.3324608965493,0.817889116487515,0.92205471939981,0.740442815431226
-0.501079406727869,-0.305355383075338,-0.219556383593612,-0.31003038431074,-0.109295945005974,-0.0364158463556556,0.072655245302115,0.186934234191077,0.273801782436401,0.303701092730703,0.492218845966564,0.49758805488292,0.511691565784941,0.790937491864811,0.646964745265792,0.801117651366214
-0.424186616843716,-0.543733686150942,-0.183562516049204,-0.169046261845554,-0.13009684538139,0.062969627030071,-0.00608215630174692,0.522884179446627,0.490986049114963,0.284582613285292,0.535004723231885,0.672480299961112,0.627698820536663,0.61316853903581,0.746905663240416,0.815107822181395
-0.555332023270405,-0.254369191291383,-0.293327956952991,-0.183093526816049,-0.0348691402294046,0.0824394358648614,0.0810762781416251,0.238217690129724,0.408303760418086,0.357549131153236,0.181320401569651,0.547544776469203,0.735804834105786,0.605419742210226,0.657176375292198,0.443571076959784
-0.639258787852666,-0.465554409755985,-0.246968626108254,-0.291028437690364,-0.305365226575167,-0.0992159598490834,-0.0181342849444905,-0.0155096052101593,0.39669032588627,0.298322047148045,0.383913674586309,0.470573751471339,0.675469988867098,0.637693150215308,0.651665403626622,0.889214515830383
-0.527691711877805,-0.2546141089759,-0.326032599599225,-0.14051127144449,-0.172614304449528,0.0726432304009957,0.230199440947046,0.247181516470939,0.19209008934544,0.525389033076743,0.210953400410101,0.220831930504298,0.509509529388751,0.589186097065943,0.588270275974883,0.950320140507715
-0.513531816491623,-0.46377743668494,-0.283679283411187,-0.262032832469873,-0.0641130026755428,-0.148597026774119,0.18841364509156,0.134382070582936,0.441796363694888,0.700613990541691,0.372510125431232,0.729775569154395,0.654691170016285,0.667104501370518,0.926512657006334,0.980602666538429
-0.432830290732773,-0.270963944701341,-0.320884206159545,-0.23981024849371,-0.0728991769498109,0.00737526588266397,0.166827930237364,-0.172978539082815,0.173081077649349,0.33459262703855,0.384217044859279,0.495051790926517,0.530405484832408,0.911973786081449,0.894507576581223,0.785545124109703
-0.427366329896421,-0.293499547479705,-0.348528855640202,-0.228834143952948,-0.336675029028791,0.0108592755128045,0.0825337852330489,0.118991946239532,0.381059339709572,0.413295188539975,0.557040121749294,0.470267659803873,0.80651673656117,0.677158058459383,0.687702935841041,0.836165993874351
-0.315373705537498,-0.312493966292123,-0.335234396616391,-0.221191736001117,-0.0266713130294815,0.0127402383201964,-0.123335695816002,0.300543271036851,0.191064000228323,0.334554582634992,0.463482278350775,0.886482348409193,0.542147633982918,0.711419988556108,0.731853586196722,0.833078072479346
-0.234182102399097,-0.331872348983239,-0.26084051680603,-0.161770656385968,-0.136470458256058,-0.0730264181284661,0.13609377606179,0.222241589802632,0.178385790267449,0.267565689332864,0.331417210146614,0.430069091996342,0.628799230680455,0.709257924058825,0.75137197306438,0.718185447850764
-0.504722491124205,-0.37511602354803,-0.337166745061904,1.00340294833765e-08,-0.242733857613001,-0.00457281201207686,0.270937957256881,0.188573906288924,0.085768332133977,0.34374707262438,0.533376382552737,0.50313624177569,0.663733319852562,0.66905341106663,0.550793603266107,0.8224727589699
-0.348539325083801,-0.21072760008434,-0.289667564146411,-0.25603705798456,-0.141925357182995,-0.013213815995575,-0.0448164636759097,0.287388799821015,0.35335728553952,0.184158680835637,0.664889540641381,0.720117558939242,0.550897519296066,0.875570176957287,0.671743190425941,0.780099248432534
-0.113678805425448,-0.430446698278147,-0.500905819257887,-0.24338573184268,0.104463565377631,-0.0637188218268926,0.250873984076039,0.126330121393124,0.286231667193548,0.00452340970584797,0.634262807146862,0.493982557406572,0.651703145017285,0.54431920456644,0.58774310095333,0.669423049917559
-0.431343870274102,-0.32458289351828,-0.249969271333316,-0.115335569884844,-0.120054875675265,0.0910357337534601,0.0699112683873486,0.255130525723628,0.246821785771163,0.424956912898869,0.515260117169105,0.442287828493287,0.682447537594178,0.810045318415619,0.667589691848378,0.768634458668445
-0.226262312790397,-0.40867210952311,-0.193753448753712,-0.262835765852156,-0.0975201850021779,-0.0150775435993303,0.0908346490619282,0.0435486997995385,0.331826786315624,0.213360671221923,0.620556043595104,0.634917875429316,0.615015799772587,0.520675266410478,0.859648873640888,0.782593958159222
-0.2568642855226,-0.267697940910739,-0.297247103405277,-0.206735262519263,0.108847570322261,-0.166190446859022,0.14946654618548,0.0489559370462633,0.275391193366366,0.0333526083540334,0.0974564082743347,0.664203379653951,0.451475944639026,0.980022859237289,0.707031869588248,0.955801926178448
-0.39285390546481,-0.495640392918612,-0.466257622901936,-0.139434091073749,-0.187612463384763,0.0274818243006121,-0.029027312728648,0.294344124218847,0.139175035950068,0.372215161920953,0.307233772351057,0.41860964100957,0.353742428909029,0.667240844180923,0.921162576457784,0.96097507742093
-0.556267925882425,-0.435362596648981,-0.34017999924883,-0.074378823134772,-0.177793073556999,0.0238961536479233,-0.122621908671802,0.149860337756804,0.294285749204344,0.52437069037236,0.447117177419297,0.376917450340106,0.63545283958596,0.665930299939567,0.804018772497181,0.650253364537226
-0.54884151019155,-0.279398843014383,-0.306607001532637,-0.157742594684028,-0.163503228469549,0.0218831751779306,0.240030289069643,0.120566017530752,0.330773460297909,0.342292473948082,0.31989042051707,0.269268353102762,0.732937749160031,0.65328756811511,0.822724932627132,0.793793486267259
-0.581676959172806,-0.487402204982518,-0.138020305179535,-0.242145143217274,-0.0292520838169123,-0.0941270144538712,0.267812008278399,0.215309870421305,0.0585089897009779,0.299159617548047,0.380012540194477,0.699416360463388,0.671517846585084,0.669603493826006,1.00444608482539,0.889599770532371
-0.290072396835634,-0.250822709929433,-0.399484315247328,-0.269055298198133,-0.339363086718139,-0.0288591464442793,0.274300203627288,5.36337002042774e-08,0.293848420304025,0.362380010612418,0.530881034522484,0.436413274612357,0.624853551983143,0.634740352984976,0.938540946733798,0.713263693815186
-0.541312034787892,-0.467198614031945,-0.171413403290787,-0.275754912829307,-0.133650470941365,-0.111686166823701,-0.032787626627078,0.190791068437768,0.196133969824056,0.502489719403702,0.415489537241589,0.590549321221735,0.533877824753646,0.656323575058765,0.704018889450328,0.602607801680809
-0.444347997643621,-0.208259120627275,-0.250218054325778,-0.340077765149971,-0.0413712898743701,0.110081977684133,0.238060535548891,0.258310658205065,0.321521800124349,0.447202383327707,0.577141645843181,0.530280817288944,0.373325867376133,0.513347181928612,0.721273522804328,0.93349008990796
-0.574713659181283,-0.426765787508799,-0.162757073334044,-0.218366415818106,-0.0610693408700318,0.00898606287925218,0.228853453891103,0.218911327885525,0.199199687339424,0.386089057692215,0.61933423327863,0.64203668846319,0.508079589618255,0.68144446135905,0.686743095332572,0.791364285647723
-0.255612500133727,-0.273658738944522,-0.281190234008787,-0.201917408636355,-0.00887139675076965,-0.00603239335663164,0.129923733772001,0.334389193921013,0.253329976209673,0.434290851878229,0.368257744606552,0.782741427076747,0.493974039423211,0.721002473500826,0.692336987061549,0.8447311386567
-0.437705425639953,-0.181935253279055,-0.260490332377027,-0.133785219913072,-0.0982726414373217,0.0377516848553751,-0.0155674303099492,0.276998071749998,0.0818176724061855,0.459038979607811,0.621363267771688,0.44290933474387,0.607520524699601,0.818346915876985,0.686324499255421,0.681373205356388
-0.603880698558001,-0.306372399862372,-0.165948401934021,-0.140922471752063,-0.0824372318181412,-0.0360980105554933,0.15383218602601,0.228348536692068,0.295237529724344,0.172030438468245,0.600179529475986,0.635800172920698,0.644630518314548,0.69277140580297,0.697251355034979,0.733317889044549
-0.205179313943888,-0.221862309573776,-0.221459977783164,-0.159518024451995,0.029618669794693,0.157900336588338,-0.0347238838775208,0.195597306070055,0.28912300329799,0.180595796428711,0.482768893612779,0.424782274532307,0.418743078055002,0.856467561008543,0.566687238529391,0.833528321399959
-0.323603306140406,-0.328263827562737,-0.304316547183559,-0.269359518056454,-0.0882716084290866,0.0636846482781816,0.0562602935098364,0.152408194051806,0.356748693451189,0.369807594462232,0.595869030147153,0.721277521773391,0.613956866419842,0.626479912621777,0.899549314991016,0.853572056121441
-0.371306593119132,-0.511607765799186,-0.163467989053628,-0.169992389143545,-0.0551940670206768,-0.207983549209621,0.0924199094018019,0.170274692393469,0.209310282893121,0.409914448449696,0.261960384068067,0.586490557102324,0.408935018344311,0.687577642982464,0.925242527009635,0.817450864200528
-0.448029615877951,-0.612863237364803,-0.216405975527293,-0.226746764295773,-0.113944068574398,-0.0167985126794759,0.214795323340361,0.261861301041127,0.30284240004396,0.506272337816048,0.208436512929206,0.738299874798645,0.646858028466868,0.49094554637689,0.799582638234318,0.745506062592957
-0.470851913342214,-0.316892984246643,-0.323886626080376,-0.268757364707536,-0.214705504046516,-0.0504794607809804,0.408405782100862,0.100137876706747,0.280168256827438,0.255220907178461,0.342172111340505,0.613230836018986,0.423945761607415,0.527882089495363,0.763627921893734,0.790736831009346
-0.538811396339388,-0.388150241819448,-0.236266812255129,-0.225162183738238,-0.0832367171538021,0.197956239239194,0.166917734138196,0.249182754849366,0.421119340766382,0.146915035880959,0.482577294154219,0.357687849624377,0.682308677691816,0.678533489293314,0.745591794788184,0.840177326419645
-0.721583417677155,-0.329678941481675,-0.278086691229287,-0.232677272313559,-0.210653737649855,-0.00776882503599024,-0.0256245352438143,0.109129018899776,0.36293024569794,0.445397469581677,0.440293022708688,0.720533233847995,0.78840693423364,0.898422701523069,0.826777093070848,0.762304808267105
-0.612136932765,-0.409237988109728,-0.263581926362108,-0.418285314270273,-0.148977369623407,-0.0200699042405266,0.0737327736562036,0.434101013710129,0.500043784469678,0.238883135457833,0.533721815282469,0.514371240174919,0.653472711759397,0.627529305509744,0.802279589072384,0.848026009562326
-0.312104611183164,-0.484506359450557,-0.158315194922069,-0.209095015492406,-0.172450864432288,-0.0262823168439741,0.00375389275619185,0.0361917560547035,0.30296028403603,0.268361346000668,0.470453561125712,0.395719457422027,0.65519204103834,0.586251267190039,0.681131941590901,0.671541298857379
-0.240349317537242,-0.167345290209893,-0.357159224887822,-0.28306111759362,-0.0499360464701999,-0.0903526486838357,0.00316717350173097,0.274347132083139,0.215040530696816,0.543520250996275,0.210167500789631,0.517530876973724,0.81458466786676,0.849223752381126,0.695970327155598,0.919567403670945
-0.348119233264574,-0.349044895283567,-0.196892248319262,-0.0290083121956706,-0.0446826286017443,-0.0284582442705315,0.129381669885577,0.019489145471414,0.234332501585941,0.345405338633478,0.430574970330412,0.564176268063375,0.554825902130843,0.745435998741584,0.855770375619704,0.807648654493959
-0.292702380601219,-0.318307760757675,-0.251567162903845,-0.0951921836351765,-0.0109965778494578,-0.0167680719611522,0.188050307273539,0.139698268108625,0.407141136122386,0.388377633981269,0.72805694129222,0.503991364228503,0.599372669538238,0.427324554020953,0.695173818966029,0.79803357811707
-0.413754365337097,-0.203918850749902,-0.365362772958325,-0.0906840158438282,-0.0294023072133305,0.111477336391809,0.0750356065522424,0.268670309077036,0.539175467812386,0.479110790599622,0.490425778715375,0.411697905563216,0.892173914774977,0.723624654457556,0.85496878241246,0.736142935363475
-0.298816108996452,-0.385663753580274,-0.199531221399686,-0.119936327144568,-0.264884255328298,-0.0108662493634548,-0.0196724930299762,0.155728655580062,0.107330844230636,0.345824968641041,0.34366902988769,0.520432020844385,0.717236861812625,0.768865983022504,0.7244602034953,0.766236091011216
-0.2661348768777,-0.389753817327342,-0.231570559454259,-0.00339473729985517,-0.106447131461829,-0.0468854229107836,0.162775267790964,0.246100796533893,0.402546811012141,-0.0304451902864266,0.500417548224916,0.851499416237625,0.439542745730351,0.58051476140579,0.959521902163203,0.981936472523052
-0.496945734454569,-0.564633550456394,-0.0551813642406439,-0.104542901262967,-0.111311540466274,-0.0468192639423016,0.163638652118448,-0.125287572105851,0.214925582300804,0.317256988318385,0.725910023120356,0.444803143183482,0.634068772644261,0.713648964818618,0.583735435258858,0.731445201090069
-0.259507687063048,-0.254231479453516,-0.361499955377143,-0.142557719917124,0.0326839452264202,-0.0207394674436446,0.0100962096510313,0.178152033282707,0.161497437032262,0.350007102845292,0.378209752074159,0.626766994145547,0.811851738942883,0.562013307398599,0.82628372535357,0.957279057901276
-0.506463238180064,-0.256440299614508,-0.233426197104807,-0.074643268227041,-0.214230568706732,-0.0779409555710669,0.294651652505686,0.152359685349381,0.0970190359689228,0.422395336527661,0.415652483499678,0.653348825167681,0.504503859447564,0.671751716062494,0.735496302728808,0.905499948918597
-0.170594709292969,-0.301751379358969,-0.317856426758473,-0.273354046846147,-0.107176375181444,-0.0895553262790026,0.21758222529638,0.011846460928044,0.263799789595793,0.328417821070939,0.283908610573489,0.643889793447595,0.513720035030851,0.74921390910492,0.886937027719245,0.819421426548088
-0.602605939601066,-0.430287070813341,-0.412252956384229,-0.252263595933973,-0.108861897412789,-0.00225447062500852,-0.0156707901590415,0.00594288986954875,0.361539149309478,0.435124489134018,0.643718808651115,0.535292356482674,0.580840914339899,0.490917630385162,0.795516852620405,0.930311244716995
-0.286077675999729,-0.339450750367954,-0.349733354207846,-0.140580455704165,-0.144313839616914,0.123598356835948,0.00278852595713941,0.204850129164024,0.164174909521898,0.370968147377373,0.594200886781262,0.449411349533494,0.677088032702089,0.5444532702577,0.86256084936836,0.749005795990353
-0.371839862708784,-0.319071304275474,-0.254431587489709,-0.391716259698738,-0.0165133100209069,-0.22812028183953,0.120445524250402,0.00325111094464206,0.245312429247555,0.688764278149473,0.582585442567321,0.4544794127648,0.629084100378175,0.70666524380366,0.719392571464073,0.847249519855839
-0.546966752074027,-0.343211841124208,-0.143309088613055,-0.226915728734344,-0.242315413087251,-0.0460386786552291,0.188405739036011,0.358915654476278,0.418861018805671,0.513793896427125,0.553331114340117,0.374838492167047,0.731281830092344,0.664304255855852,0.546290271587963,0.943331036612635
-0.317298085493895,-0.317788744900377,-0.272569585341387,-0.279237480680327,-0.0806980900083256,-0.0311305549133773,-0.0745371424584257,0.047473230759341,0.249522977896128,0.347298472084933,0.427191391967409,0.713188830331456,0.506160532801764,0.690391387259778,0.93142364718609,0.776576830080318
-0.451156986881784,-0.20538693356831,-0.248012180166368,-0.307338092571504,-0.269833720137323,-0.0233751078281344,0.0503275534449294,0.303625790459901,0.205497633448908,0.479730410967258,0.67335885920657,0.60512911830833,0.399206605899497,0.729382156435026,0.627556202729668,0.817717412125519
-0.394795401456376,-0.228559251551828,-0.497322998774634,-0.189286224876347,-0.0525585215597874,0.177077005861474,0.000187579647123112,0.0664713684795677,0.261216333866854,0.350742312590367,0.359857361510039,0.327443517664588,0.531978380180929,0.548972569334268,0.743377714776658,0.595534485089474
-0.479328829830019,-0.584459584162124,-0.189827767269245,-0.181249486881136,-0.0128804050270903,0.221988890396916,-0.277254040921564,0.188259104273377,0.360642557627203,0.45961294317065,0.328496418050521,0.646365970821893,0.458923358287263,0.394782778763308,0.64062174135789,0.922197299972217
-0.328836679657318,-0.348548107314341,-0.258006383046827,-0.0272930920965613,0.0456010197749255,0.130731014848742,0.121193042264728,0.13037838436084,0.265458032983639,0.459725359705478,0.426767596026854,0.698084714258415,0.605277392298114,0.545232720235288,0.659251110838176,0.52545597287694
-0.524238448957485,-0.465921794710007,-0.26189563260204,-0.0898056765446326,-0.233295352709793,-0.047578232123294,0.24041003853219,0.00382349280333595,0.496309527312938,0.231996069550387,0.4499161569173,0.562493082854331,0.675555677351425,0.792328810520797,0.732735342348148,1.00379893270141
-0.41800179812499,-0.2679575077741,-0.0922959888957574,-0.204663351852981,-0.0292082415089663,-0.141775252335863,0.113808504416051,-0.0759548217487095,0.472367850877444,0.335124664136852,0.262971987562854,0.698744151432806,0.400081252242526,0.676768009201677,0.763627708554082,0.850526271669547
-0.491981144678224,-0.360850376708095,-0.266846928934087,-0.131857050379618,-0.0142090625081109,0.0984244788914213,-0.092788376305285,0.288785209558453,0.388543254873064,0.239385854490243,0.537359642422291,0.498344371286834,0.534917158198406,0.575733092331553,0.876004960647165,0.865163951723336
-0.516697187828107,-0.503070633116683,-0.403780700847006,-0.24544611418748,-0.174666263595092,0.116905445837753,5.63079817338641e-09,0.0917754165733589,0.22260569555321,0.288871104305648,0.0699941124842158,0.558878486327045,0.996801496085831,0.945393137043086,0.555716733656695,0.726691256568217
-0.17500676104905,-0.277125472076962,-0.173731246761795,-0.191702461221849,-0.0341812043452037,0.167637462793101,0.152448607545214,0.349461573887445,0.204037721627333,0.412607361874365,0.761780234698551,0.441474924975098,0.515518976915998,0.619030223103215,0.486110012737026,0.780817797282578
-0.277711360918622,-0.40249726406965,-0.489709858837139,-0.216533011868036,-0.0120024208597758,-0.0738899988032708,0.184894559624379,0.240737497796236,0.421602501650173,0.358574871828765,0.452797836859558,0.738878286387502,0.66381544443511,0.802527014886437,0.817350984654348,0.579454800450692
-0.175020451959602,-0.537787186565543,-0.143962641649536,-0.410206951376195,-0.121354291124018,-0.0209272359353918,0.0135230573260398,0.314496017439783,0.405628464510626,0.317354361258695,0.678387015801702,0.571626639379184,0.529742720741629,0.522687198270272,0.789689101601549,0.706903100411934
-0.416022826846308,-0.296555686900489,-0.237640594247128,-0.205395899375802,-0.348090654078361,-0.228057619960979,-0.0240418830398456,-0.0255098270417364,0.161497274000583,0.421843504737273,0.701990601869904,0.739917283745881,0.803238678240322,0.71415121164577,0.717721208478934,0.830010661170058
-0.390790698714587,-0.303378748845381,-0.268893317804016,-0.226519399628366,0.00230999989189352,0.0321864238485721,0.129411534522951,0.187486537608962,0.184533363805865,0.368131654044117,0.262772748886282,0.341524139386864,0.547528911500855,0.763801414976433,0.714136632412509,0.896747429132752
-0.563013603993217,-0.268706917440456,-0.382339748323356,-0.164456335617578,0.0167166692876672,-0.0223090684619797,-0.0235879290105928,0.193571907059628,0.358745180156312,0.228074291568889,0.367574053318071,0.684162358706317,0.583418010516106,0.674285190487225,0.838431352679578,0.791359458114781
-0.590017425423292,-0.218668994457474,-0.417912669285484,-0.333229781424941,-0.114938416410053,0.0444581876537067,0.205611313757375,0.383677472722375,0.427539483648645,0.37789521769061,0.478758604031838,0.45036520568814,0.854283650040236,0.831764583147884,0.785680606096428,0.797701508794447
-0.345034760864585,-0.457425783901612,-0.243316705528648,-0.206532620468099,-0.201104228552229,0.00189887108228461,0.0717194462369104,-0.0801498658806604,0.0163591527890415,0.389455855664985,0.380564948614394,0.138650950625315,0.593877928065896,0.546092737242918,0.572906886170083,0.564205843903672
-0.594972385134048,-0.398184149189817,-0.258886538511146,-0.185183203533021,-0.044512331726894,-0.316428381813402,0.0885169141985825,0.102587673378266,0.176864277691367,0.337168758086033,0.510040170206957,0.154182918905299,0.502711138529817,0.673540178176618,0.825547505929381,0.84177261796016
-0.408533822794785,-0.473211349627238,-0.375328582498846,-0.189498563048718,-0.0904108082253817,0.253952501526345,0.0610222156880063,0.196178577026629,0.389874643473608,0.29150476116281,0.541349588858301,0.549744922030223,0.814536641225585,0.85722552585147,0.875706862230352,0.666394435476122
-0.418698907529199,-0.346018286204981,-0.233116469577798,-0.1646792172832,-0.212468582183573,0.129884494984505,0.0950351231456272,0.17069941370835,0.311802061512816,0.422571098588328,0.47198078589011,0.545936098460268,0.573099497795131,0.832636849128087,0.790919593938952,0.773529371126326
-0.276810702379712,-0.248590894834689,-0.301293287896984,-0.252576606589575,0.00165320445789118,-0.004034158775183,0.0186177184934412,0.246662514062828,0.0973189751212542,0.481719478444796,0.289320114245211,0.448633216587513,0.530394510301912,0.757963611371681,0.706187802481898,0.803709759536395
-0.393436495535943,-0.316255473992265,-0.3920482458114,-0.1521933573384,-0.0610000038161444,0.0907714258768977,-0.115396926964223,0.306860284747078,0.442142009635451,0.428677682162319,0.45293645381904,0.297791549414225,0.587066482238536,0.826869230820471,1.04042619791675,0.80616510519672
-0.533267872953634,-0.394887727796664,-0.271069671258029,-0.16454549442723,0.201517812553078,0.048050846135368,0.0943559834410126,0.00152954382621958,0.303210039043752,0.380010414611982,0.28874543132954,0.172704849853888,0.805429062180256,0.751010233020888,0.750669297320873,0.80901283145397
-0.412270145642048,-0.457194007700783,-0.391951769156604,-0.301318234802778,-0.175346709997633,0.203366507084966,0.0296238336775109,0.090150229177489,0.246731007869192,0.374761491358302,0.487006379338336,0.309188145748464,0.581781251514652,0.564786359994597,0.766800968697147,0.728220205391598
-0.367174200147089,-0.207994585227962,-0.461373683622258,-0.283757211581785,-0.154466572960066,-0.0400553723176854,0.148950001544608,0.259643306176202,0.378990083807117,0.342012178661454,0.464831205827104,0.548471844465464,0.346924949372069,0.642624933474203,0.735658940834616,0.926002227428341
-0.321432748348081,-0.40692331428991,-0.164981411297003,-0.181950626909374,-0.0339180063755772,-0.290709903948305,0.113875864335346,0.0997014601552217,0.458036813734825,0.507032033455307,0.460737676764167,0.396896935306284,0.497470160238599,0.554005265481645,0.755769791873233,0.851688251607439
-0.331198310215467,-0.391106931513019,-0.378078159786195,-0.199284808698017,-0.174466251147809,0.0800477223238966,0.197939575123799,0.300416071318536,0.110496241052303,0.398770104920738,0.492629021847696,0.632563057259815,0.839438610650576,0.610852431346964,0.622721524233592,0.873166653589224
-0.287053862074892,-0.388597025691513,-0.21430626427406,-0.0477124271491277,-0.337360318763444,-0.0514331534766874,0.0571848180891751,0.337709909527524,0.179135104333536,0.460807489618258,0.553327551815463,0.54858089850535,0.494200410718982,0.645482105539036,0.739749512488521,0.752468190188448
-0.432785753217809,-0.249070079225095,-0.449466346143484,-0.292447386865098,-0.262787005922999,0.0171216872726274,0.0408282627912036,0.0923786454383493,0.165140573023467,0.513745882504145,0.395711429864823,0.758843429005562,0.713179173806287,0.913211386836974,0.741687036448809,0.871789137368623
-0.362485294512755,-0.286234173470513,-0.322066245546547,-0.25118545714698,-0.195088738310532,-0.174540004028132,0.0820735542220133,0.0672320967842316,0.305001567060322,0.239673609081071,0.30628912553176,0.445541167407774,0.786104194315664,0.690341444662474,0.638833861569847,0.865763594551548
-0.27604484943835,-0.27960884109916,-0.234422039788817,-0.189131567521122,-0.120495348589882,-0.00161321395847089,-0.023810910609277,-0.0211108293581089,0.584642800981353,0.556301917619045,0.551610106225831,0.441689732630623,0.400156106178407,0.779781427634598,0.631715795489313,0.671464157784305
-0.541564072977932,-0.216655568108985,-0.422026849842699,-0.38962151917669,-0.170979563523972,0.0556089056783149,0.0782486959949838,0.362788465834456,0.364142037076264,0.124237147413695,0.341288353459605,0.584105401741112,0.489986764194542,0.748730069962479,0.649924660492105,0.748542845925977
-0.411846598786267,-0.367813409922904,-0.346620857554998,-0.0801873297693607,-0.0115340097346628,0.147285241839773,-0.0276108260704861,0.292612790553786,0.292241611842012,0.471214002502657,0.398117165682197,0.638722593554055,0.551801764710051,0.596039292445617,0.81089307557499,0.821876892591622
-0.234837253453552,-0.462056191607019,-0.230561713147126,-0.334108706651203,-0.12220741763136,0.0185686966935483,0.0679305921921202,0.279736563214481,0.123119837578654,0.349373976281939,0.911415242023401,0.488042328453115,0.418694450699099,0.827268770579371,0.857968400695499,0.712908347902787
-0.460807354046998,-0.442711982620081,-0.200138287270403,-0.23860355599279,-0.227491664274051,0.178828288711092,0.184610885865272,0.134252202224549,0.252868723610955,0.565949335733332,0.57256565119115,0.445386380922977,0.382628806630651,0.732630452011277,0.686170250962874,0.783444284108396
-0.378449149098158,-0.512668434070351,-0.19407154715299,-0.217955814044359,-0.00442835205282418,-0.271923166037781,0.0640592123687734,0.336743343238718,0.394265005760391,0.527269189212972,0.478695827850784,0.269842094479444,0.594553187828547,0.786357938226531,0.962301996505618,0.908280766358655
-0.401868005986869,-0.434891515411058,-0.298501369186569,-0.109727454533498,-0.13982246643872,-0.0216392988717305,-0.0836855599102173,0.30492805778531,0.342888766413246,0.23379367997481,0.285531821715034,0.432092268177923,0.66951252840119,0.694197489972519,0.692022070115832,0.733819040111696
-0.542821895645904,-0.300718502134229,-0.42335584685041,-0.169908998226959,-0.253196241619763,-0.0423171261632043,0.0206381747177476,0.337253576757058,0.328893520032006,0.358225157925354,0.502287806127492,0.774986750549035,0.44510971574483,0.653818110144513,0.799523311489563,0.741912888355817
-0.43955768912011,-0.613446857978625,-0.342969224723351,-0.152052028529634,-0.181093374350487,-0.073319354641469,0.200839800336149,0.144856503756535,0.282192513145582,0.26753424609562,0.506780688815741,0.614985773847501,0.872888506801986,0.651002301254784,0.749405988116058,0.873826250042129
